Player Name,Team Name,Total runs,Year,Matches Played,Innings,Not Outs,Highest Score,Average,Balls Faced,Strike Rate,0,50,100,4s,6s,Dream 11 Points,Reference,Role
,,,,,,,,,,,,,,,,,,
V Kohli,RCB,741,2024,15,15,3,113*,61.75,479,154.69,0,5,1,62,38,939,V Kohli,Batsman
RD Gaikwad,CSK,583,2024,14,14,3,108*,53,413,141.16,2,4,1,58,18,723,RD Gaikwad,Batsman
R Parag,RR,573,2024,16,14,3,84*,52.09,384,149.21,0,4,0,40,33,713,R Parag,Batsman
TM Head,SRH,567,2024,15,15,1,102,40.5,296,191.55,3,4,1,64,32,743,TM Head,Batsman
SV Samson,RR,531,2024,16,15,4,86,48.27,346,153.46,1,5,0,48,24,669,SV Samson,Wicket Keeper
B Sai Sudharsan,GT,527,2024,12,12,1,103,47.9,373,141.28,0,2,1,48,16,641,B Sai Sudharsan,Batsman
KL Rahul,LSG,520,2024,14,14,0,82,37.14,382,136.12,0,4,0,45,19,637,KL Rahul,Wicket Keeper
N Pooran,LSG,499,2024,14,14,6,75,62.37,280,178.21,1,3,0,35,36,634,N Pooran,Wicket Keeper
SP Narine,KKR,488,2024,15,14,0,109,34.85,270,180.74,1,3,1,50,33,648,SP Narine,All Rounder
Abhishek Sharma,SRH,484,2024,16,16,1,75*,32.26,237,204.21,0,3,0,36,42,634,Abhishek Sharma,Batsman
H Klaasen,SRH,479,2024,16,15,3,80*,39.91,280,171.07,0,4,0,19,38,612,H Klaasen,Wicket Keeper
RR Pant,DC,446,2024,13,13,2,88*,40.54,287,155.4,0,3,0,36,25,560,RR Pant,Wicket Keeper
F du Plessis,RCB,438,2024,15,15,0,64,29.2,271,161.62,0,4,0,47,21,563,F du Plessis,Batsman
PD Salt,KKR,435,2024,12,12,1,89*,39.54,239,182,1,4,0,50,24,569,PD Salt,Batsman
YBK Jaiswal,RR,435,2024,16,15,1,104*,31.07,279,155.91,1,1,1,54,16,547,YBK Jaiswal,Batsman
Shubman Gill,GT,426,2024,12,12,1,104,38.72,289,147.4,0,2,1,37,15,527,Shubman Gill,Batsman
RG Sharma,MI,417,2024,14,14,1,105*,32.07,278,150,1,1,1,45,23,532,RG Sharma,Batsman
NT Tilak Varma,MI,416,2024,13,13,3,65,41.6,278,149.64,0,3,0,35,19,515,NT Tilak Varma,Batsman
S Dube,CSK,396,2024,14,14,3,66*,36,244,162.29,2,3,0,28,28,504,S Dube,Batsman
RM Patidar,RCB,395,2024,15,13,0,55,30.38,223,177.13,1,5,0,21,33,526,RM Patidar,Batsman
MP Stoinis,LSG,388,2024,14,14,2,124*,32.33,263,147.52,1,2,1,39,16,491,MP Stoinis,All Rounder
T Stubbs,DC,378,2024,14,13,6,71*,54,198,190.9,1,3,0,24,26,482,T Stubbs,Batsman
VR Iyer,KKR,370,2024,15,13,5,70,46.25,233,158.79,0,4,0,35,19,479,VR Iyer,Batsman
JC Buttler,RR,359,2024,11,11,2,107*,39.88,255,140.78,1,0,2,36,12,451,JC Buttler,Wicket Keeper
Shashank Singh,PBKS,354,2024,14,14,6,68*,44.25,215,164.65,2,2,0,28,21,440,Shashank Singh,Batsman
SS Iyer,KKR,351,2024,15,14,5,58*,39,239,146.86,1,2,0,34,14,429,SS Iyer,Batsman
SA Yadav,MI,345,2024,11,11,1,102*,34.5,206,167.47,3,3,1,36,18,455,SA Yadav,Batsman
Prabhsimran Singh,PBKS,334,2024,14,14,0,71,23.85,213,156.8,1,2,0,34,20,426,Prabhsimran Singh,Batsman
J Fraser-McGurk,DC,330,2024,9,9,0,84,36.66,141,234.04,1,4,0,32,28,454,J Fraser-McGurk,Batsman
Abishek Porel,DC,327,2024,14,12,2,65,32.7,205,159.51,1,2,0,36,13,407,Abishek Porel,Batsman
KD Karthik,RCB,326,2024,15,13,4,83,36.22,174,187.35,1,2,0,27,22,417,KD Karthik,Wicket Keeper
Ishan Kishan,MI,320,2024,14,14,0,69,22.85,215,148.83,2,1,0,35,16,393,Ishan Kishan,Batsman
DJ Mitchell,CSK,318,2024,13,13,2,63,28.9,223,142.6,0,2,0,27,10,383,DJ Mitchell,Batsman
K Nitish Kumar Reddy,SRH,303,2024,13,11,2,76*,33.66,212,142.92,0,2,0,15,21,378,K Nitish Kumar Reddy,Batsman
JM Bairstow,PBKS,298,2024,11,11,1,108*,29.8,195,152.82,1,0,1,33,14,377,JM Bairstow,All Rounder
SM Curran,PBKS,270,2024,13,12,2,63*,27,219,123.28,1,2,0,24,6,320,SM Curran,All Rounder
RA Jadeja,CSK,267,2024,14,11,5,57*,44.5,187,142.78,0,1,0,22,8,315,RA Jadeja,Wicket Keeper
C Green,RCB,255,2024,13,12,4,46,31.87,178,143.25,0,0,0,22,10,299,C Green,Batsman
Q de Kock,LSG,250,2024,11,11,0,81,22.72,186,134.4,1,3,0,29,9,321,Q de Kock,Batsman
AM Rahane,CSK,242,2024,13,12,0,45,20.16,196,123.46,0,0,0,23,7,279,AM Rahane,Batsman
TH David,MI,241,2024,13,11,3,45*,30.12,152,158.55,1,0,0,14,15,287,TH David,Batsman
AR Patel,DC,235,2024,14,12,4,66,29.37,179,131.28,1,2,0,19,10,290,AR Patel,Batsman
A Badoni,LSG,235,2024,14,12,4,55*,29.37,171,137.42,1,2,0,22,5,283,A Badoni,Batsman
WG Jacks,RCB,230,2024,8,8,1,100*,32.85,131,175.57,0,1,1,16,18,312,WG Jacks,Batsman
AD Russell,KKR,222,2024,15,9,2,64*,31.71,120,185,0,1,0,20,16,288,AD Russell,All Rounder
R Ravindra,CSK,222,2024,10,10,0,61,22.2,138,160.86,1,1,0,22,12,278,R Ravindra,All Rounder
AK Markram,SRH,220,2024,11,11,2,50,24.44,177,124.29,1,1,0,18,4,252,AK Markram,Batsman
HH Pandya,MI,216,2024,14,13,1,46,18,151,143.04,1,0,0,17,11,255,HH Pandya,All Rounder
Shahbaz Ahmed,SRH,215,2024,16,12,3,59*,23.88,166,129.51,1,1,0,7,13,254,Shahbaz Ahmed,Batsman
RR Rossouw,PBKS,211,2024,8,8,0,61,26.37,116,181.89,1,1,0,25,11,270,RR Rossouw,Batsman
DA Miller,GT,210,2024,9,9,3,55,35,139,151.07,0,1,0,20,8,258,DA Miller,Batsman
PP Shaw,DC,198,2024,8,8,0,66,24.75,121,163.63,0,1,0,30,5,250,PP Shaw,Batsman
DC Jurel,RR,195,2024,15,11,3,56*,24.37,141,138.29,1,2,0,18,7,243,DC Jurel,Wicket Keeper
AR Sharma,PBKS,189,2024,11,9,2,61,27,113,167.25,0,1,0,10,15,241,AR Sharma,Batsman
R Tewatia,GT,188,2024,12,9,2,36*,26.85,129,145.73,0,0,0,24,5,224,R Tewatia,Batsman
JM Sharma,PBKS,187,2024,14,12,1,32*,17,142,131.69,1,0,0,9,12,220,JM Sharma,Batsman
SD Hope,DC,183,2024,9,9,1,41,22.87,122,150,0,0,0,12,12,221,SD Hope,Batsman
Abdul Samad,SRH,182,2024,16,12,2,37*,18.2,108,168.51,1,0,0,15,11,221,Abdul Samad,Batsman
DA Warner,DC,168,2024,8,8,0,52,21,125,134.4,0,1,0,17,10,215,DA Warner,Batsman
RK Singh,KKR,168,2024,15,11,2,26,18.66,113,148.67,0,0,0,13,8,199,RK Singh,Wicket Keeper
RA Tripathi,SRH,165,2024,6,6,0,55,27.5,115,143.47,0,1,0,18,6,205,RA Tripathi,Bowler
A Raghuvanshi,KKR,163,2024,10,7,0,54,23.28,105,155.23,0,1,0,16,8,207,A Raghuvanshi,All Rounder
MS Dhoni,CSK,161,2024,14,11,8,37*,53.66,73,220.54,1,0,0,14,13,205,MS Dhoni,Batsman
S Dhawan,PBKS,152,2024,5,5,0,70,30.4,121,125.61,0,1,0,18,4,186,S Dhawan,Batsman
DJ Hooda,LSG,145,2024,11,9,1,50,18.12,105,138.09,1,1,0,16,3,175,DJ Hooda,Batsman
Naman Dhir,MI,140,2024,7,7,1,62*,23.33,79,177.21,2,1,0,12,10,182,Naman Dhir,Batsman
WP Saha,GT,136,2024,9,9,0,39,15.11,115,118.26,0,0,0,18,3,160,WP Saha,Wicket Keeper
PJ Cummins,SRH,136,2024,16,10,4,35*,22.66,95,143.15,0,0,0,9,8,163,PJ Cummins,Bowler
KH Pandya,LSG,133,2024,14,12,8,43*,33.25,105,126.66,0,0,0,8,5,151,KH Pandya,All Rounder
MM Ali,CSK,128,2024,8,5,0,56,25.6,98,130.61,0,1,0,7,8,161,MM Ali,Batsman
M Shahrukh Khan,GT,127,2024,7,7,0,58,18.14,75,169.33,1,1,0,9,9,164,M Shahrukh Khan,Batsman
Ramandeep Singh,KKR,125,2024,15,9,5,35,31.25,62,201.61,0,0,0,5,12,160,Ramandeep Singh,Batsman
MK Lomror,RCB,125,2024,10,10,2,33,15.62,68,183.82,2,0,0,9,9,154,MK Lomror,Batsman
SO Hetmyer,RR,113,2024,12,9,4,27*,22.6,69,163.76,1,0,0,9,7,138,SO Hetmyer,Batsman
LS Livingstone,PBKS,111,2024,7,7,2,38*,22.2,78,142.3,1,0,0,8,7,133,LS Livingstone,Batsman
N Wadhera,MI,109,2024,6,6,0,49,18.16,84,129.76,0,0,0,9,6,130,N Wadhera,Batsman
R Powell,RR,103,2024,10,7,1,27,17.16,68,151.47,0,0,0,10,6,129,R Powell,Batsman
Rashid Khan,GT,102,2024,12,8,3,31,20.4,71,143.66,1,0,0,11,3,119,Rashid Khan,Bowler
Anuj Rawat,RCB,98,2024,5,5,1,48,24.5,77,127.27,0,0,0,10,3,114,Anuj Rawat,Batsman
R Ashwin,RR,86,2024,15,9,3,29,14.33,74,116.21,1,0,0,5,4,97,R Ashwin,Bowler
Arshad Khan,LSG,83,2024,4,4,2,58*,41.5,54,153.7,1,1,0,6,5,109,Arshad Khan,Bowler
V Shankar,GT,83,2024,7,7,2,17,16.6,72,115.27,0,0,0,7,2,94,V Shankar,Bowler
Harpreet Brar,PBKS,75,2024,13,7,5,29,37.5,54,138.88,0,0,0,8,2,89,Harpreet Brar,Bowler
D Brevis,MI,69,2024,3,3,0,46,23,59,116.94,1,0,0,3,5,80,D Brevis,Bowler
MA Agarwal,SRH,64,2024,4,4,0,32,16,57,112.28,0,0,0,8,1,74,MA Agarwal,Bowler
Rahmanullah Gurbaz,KKR,62,2024,3,2,0,39,31,46,134.78,0,0,0,7,4,79,Rahmanullah Gurbaz,Bowler
A Taide,PBKS,61,2024,2,2,0,46,30.5,39,156.41,0,0,0,7,2,76,A Taide,Bowler
MR Marsh,DC,61,2024,4,4,0,23,15.25,38,160.52,1,0,0,9,3,78,MR Marsh,Bowler
R Shepherd,MI,57,2024,6,5,3,39*,28.5,21,271.42,0,0,0,5,5,78,R Shepherd,Bowler
GJ Maxwell,RCB,52,2024,10,9,0,28,5.77,43,120.93,4,0,0,6,2,54,GJ Maxwell,Bowler
Sameer Rizvi,CSK,51,2024,8,5,1,21,12.75,43,118.6,1,0,0,4,2,57,Sameer Rizvi,Bowler
T Kohler-Cadmore,RR,48,2024,4,3,0,20,16,54,88.88,0,0,0,7,1,57,T Kohler-Cadmore,Bowler
Kuldeep Yadav,DC,47,2024,11,5,2,35*,15.66,41,114.63,1,0,0,6,1,53,Kuldeep Yadav,Bowler
Sikandar Raza,PBKS,43,2024,2,2,0,28,21.5,38,113.15,0,0,0,2,2,49,Sikandar Raza,Bowler
MK Pandey,KKR,42,2024,1,1,0,42,42,31,135.48,0,0,0,2,2,50,MK Pandey,Bowler
N Rana,KKR,42,2024,2,2,0,33,21,34,123.52,0,0,0,5,1,49,N Rana,Bowler
Azmatullah Omarzai,GT,42,2024,7,4,0,17,10.5,33,127.27,0,0,0,2,2,48,Azmatullah Omarzai,Bowler
D Padikkal,LSG,38,2024,7,7,0,13,5.42,53,71.69,2,0,0,3,0,37,D Padikkal,Bowler
Swapnil Singh,RCB,37,2024,7,5,3,15*,18.5,21,176.19,1,0,0,3,3,50,Swapnil Singh,Bowler
Mohammad Nabi,MI,35,2024,7,5,1,23,8.75,31,112.9,1,0,0,2,2,39,Mohammad Nabi,Bowler
SB Dubey,RR,33,2024,4,3,1,25,16.5,19,173.68,1,0,0,3,2,44,SB Dubey,Bowler
KV Sharma,RCB,31,2024,9,3,0,20,10.33,15,206.66,0,0,0,2,3,45,KV Sharma,Bowler
Rasikh Salam,DC,28,2024,8,4,0,10,7,30,93.33,0,0,0,4,0,32,Rasikh Salam,Bowler
KS Williamson,GT,27,2024,2,2,0,26,13.5,27,100,0,0,0,4,0,31,KS Williamson,Bowler
Harpreet Singh,PBKS,27,2024,2,2,0,14,13.5,34,79.41,0,0,0,2,0,29,Harpreet Singh,Bowler
SS Prabhudessai,RCB,24,2024,1,1,0,24,24,18,133.33,0,0,0,3,0,29,SS Prabhudessai,Bowler
TK Kotian,RR,24,2024,1,1,0,24,24,31,77.41,0,0,0,3,0,27,TK Kotian,Bowler
JD Unadkat,SRH,24,2024,11,5,2,8*,8,26,92.3,0,0,0,2,1,28,JD Unadkat,Bowler
B Kumar,SRH,23,2024,16,5,2,13,7.66,29,79.31,1,0,0,3,0,24,B Kumar,Bowler
AJ Turner,LSG,21,2024,2,2,0,16,10.5,18,116.66,0,0,0,0,2,25,AJ Turner,Bowler
RD Chahar,PBKS,21,2024,9,2,1,16,21,15,140,0,0,0,3,1,28,RD Chahar,Bowler
Yudhvir Singh,LSG,21,2024,2,2,0,14,10.5,14,150,0,0,0,1,2,28,Yudhvir Singh,Bowler
SN Thakur,CSK,21,2024,9,3,2,17,21,17,123.52,0,0,0,2,1,25,SN Thakur,Bowler
K Rabada,PBKS,20,2024,11,3,2,11*,20,14,142.85,0,0,0,0,2,26,K Rabada,Bowler
Gulbadin Naib,DC,19,2024,2,1,0,19,19,15,126.66,0,0,0,1,1,22,Gulbadin Naib,Bowler
M Jansen,SRH,18,2024,3,2,1,17,18,13,138.46,0,0,0,1,1,23,M Jansen,Bowler
Sumit Kumar,DC,18,2024,4,3,1,9*,9,24,75,0,0,0,2,1,22,Sumit Kumar,Bowler
SD Chauhan,RCB,18,2024,3,3,0,9,6,15,120,1,0,0,1,1,19,SD Chauhan,Bowler
PP Chawla,MI,15,2024,11,6,2,10,3.75,15,100,2,0,0,1,1,14,PP Chawla,Bowler
MJ Santner,CSK,14,2024,3,3,0,11,4.66,17,82.35,1,0,0,1,0,13,MJ Santner,Bowler
Sanvir Singh,SRH,14,2024,4,3,2,8*,14,12,116.66,1,0,0,1,0,13,Sanvir Singh,Bowler
TA Boult,RR,14,2024,16,5,3,12,7,16,87.5,1,0,0,2,0,14,TA Boult,Bowler
G Coetzee,MI,14,2024,10,5,1,8,3.5,22,63.63,1,0,0,0,1,14,G Coetzee,Bowler
R Sai Kishore,GT,13,2024,5,2,1,13,13,6,216.66,0,0,0,0,2,17,R Sai Kishore,Bowler
HV Patel,PBKS,13,2024,14,4,1,12,4.33,19,68.42,2,0,0,1,1,12,HV Patel,Bowler
DG Nalkande,GT,12,2024,3,1,0,12,12,11,109.09,0,0,0,0,1,14,DG Nalkande,Bowler
UT Yadav,GT,12,2024,7,2,1,10*,12,15,80,0,0,0,0,1,14,UT Yadav,Bowler
Mohammed Siraj,RCB,12,2024,14,3,1,12,6,8,150,1,0,0,0,2,14,Mohammed Siraj,Bowler
JJ Bumrah,MI,12,2024,13,4,4,8*,0,12,100,0,0,0,1,0,13,JJ Bumrah,Bowler
Lalit Yadav,DC,10,2024,2,2,0,7,5,12,83.33,0,0,0,1,0,11,Lalit Yadav,Bowler
Avesh Khan,RR,10,2024,16,3,3,7*,0,5,200,0,0,0,1,0,11,Avesh Khan,Bowler
L Wood,MI,9,2024,2,1,1,9*,0,3,300,0,0,0,0,1,11,L Wood,Bowler
A Manohar,GT,9,2024,2,2,0,8,4.5,16,56.25,0,0,0,1,0,6,A Manohar,Bowler
AA Kulkarni,LSG,9,2024,2,2,0,9,4.5,8,112.5,1,0,0,2,0,9,AA Kulkarni,Bowler
MA Starc,KKR,9,2024,14,5,3,6*,4.5,11,81.81,2,0,0,1,0,6,MA Starc,Bowler
D Ferreira,RR,8,2024,2,2,0,7,4,11,72.72,0,0,0,0,0,8,D Ferreira,Bowler
V Viyaskanth,SRH,7,2024,3,1,1,7*,0,5,140,0,0,0,0,0,7,V Viyaskanth,Bowler
SH Johnson,GT,6,2024,5,3,3,5*,0,7,85.71,0,0,0,1,0,7,SH Johnson,Bowler
Anmolpreet Singh,SRH,5,2024,2,2,0,5,2.5,6,83.33,1,0,0,1,0,4,Anmolpreet Singh,Bowler
Noor Ahmad,GT,5,2024,10,4,2,4,2.5,9,55.55,0,0,0,1,0,6,Noor Ahmad,Bowler
MS Wade,GT,4,2024,2,1,0,4,4,6,66.66,0,0,0,0,0,4,MS Wade,Bowler
Arshdeep Singh,PBKS,4,2024,14,1,0,4,4,3,133.33,0,0,0,1,0,5,Arshdeep Singh,Bowler
A Madhwal,MI,4,2024,5,1,1,4*,0,5,80,0,0,0,0,0,4,A Madhwal,Bowler
A Nortje,DC,4,2024,6,2,0,4,2,8,50,1,0,0,0,0,2,A Nortje,Bowler
Ravi Bishnoi,LSG,4,2024,14,3,0,2,1.33,6,66.66,1,0,0,0,0,2,Ravi Bishnoi,Bowler
RJW Topley,RCB,3,2024,4,1,1,3*,0,6,50,0,0,0,0,0,3,RJW Topley,Bowler
AS Roy,KKR,3,2024,4,1,1,3*,0,3,100,0,0,0,0,0,3,AS Roy,Bowler
RK Bhui,DC,3,2024,2,2,0,3,1.5,9,33.33,1,0,0,0,0,1,RK Bhui,Bowler
Mukesh Kumar,DC,3,2024,10,2,1,3,3,9,33.33,0,0,0,0,0,3,Mukesh Kumar,Bowler
K Kushagra,DC,3,2024,4,3,0,2,1,7,42.85,1,0,0,0,0,1,K Kushagra,Bowler
