Player Name,Team Name,Role,Dream 11 Points
A Badoni,LSG,Batsman,283
A Kamboj,MI,Bowler,54
A Madhwal,MI,Bowler,4
A Madhwal,MI,Bowler,144
A Manohar,GT,Batsman,6
A Mishra,LSG,Bowler,24
A Nortje,DC,Bowler,2
A Nortje,DC,Bowler,204
A Raghuvanshi,KKR,Batsman,207
A Taide,PBKS,Bowler,76
AA Kulkarni,LSG,Bowler,9
Abdul Samad,SRH,Batsman,221
Abhishek Sharma,SRH,All Rounder,634
Abhishek Sharma,SRH,All Rounder,58
Abishek Porel,DC,Wicket Keeper,407
AD Russell,KKR,All Rounder,288
AD Russell,KKR,All Rounder,564
AJ Turner,LSG,Bowler,25
AK Markram,SRH,All Rounder,252
Akash Deep,RCB,Bowler,24
AM Rahane,CSK,Batsman,279
Anmolpreet Singh,SRH,Bowler,4
Anuj Rawat,RCB,Batsman,114
AR Patel,DC,All Rounder,290
AR Patel,DC,All Rounder,328
AR Sharma,PBKS,Batsman,241
Arshad Khan,LSG,Bowler,109
Arshdeep Singh,PBKS,Bowler,5
Arshdeep Singh,PBKS,Bowler,572
AS Roy,KKR,Bowler,3
Avesh Khan,RR,Bowler,11
Avesh Khan,RR,Bowler,564
Azmatullah Omarzai,GT,All Rounder,48
Azmatullah Omarzai,GT,All Rounder,116
B Kumar,SRH,Bowler,24
B Kumar,SRH,Bowler,348
B Sai Sudharsan,GT,Batsman,641
C Green,RCB,All Rounder,299
C Green,RCB,All Rounder,296
CV Varun,KKR,Bowler,626
D Brevis,MI,Batsman,80
D Ferreira,RR,Bowler,8
D Padikkal,LSG,Batsman,37
DA Miller,GT,Batsman,258
DA Warner,DC,Batsman,215
DC Jurel,RR,Wicket Keeper,243
DG Nalkande,GT,Bowler,14
DG Nalkande,GT,Bowler,84
DJ Hooda,LSG,Batsman,175
DJ Mitchell,CSK,Batsman,383
DJ Mitchell,CSK,Batsman,24
DL Chahar,CSK,Bowler,146
F du Plessis,RCB,Batsman,563
G Coetzee,MI,Bowler,14
G Coetzee,MI,Bowler,392
GJ Maxwell,RCB,All Rounder,54
GJ Maxwell,RCB,All Rounder,176
Gulbadin Naib,DC,Wicket Keeper,22
H Klaasen,SRH,Wicket Keeper,612
Harpreet Brar,PBKS,Bowler,89
Harpreet Brar,PBKS,Bowler,208
Harpreet Singh,PBKS,Bowler,29
Harshit Rana,KKR,Bowler,576
HH Pandya,MI,All Rounder,255
HH Pandya,MI,All Rounder,324
HV Patel,PBKS,Bowler,12
HV Patel,PBKS,Bowler,714
I Sharma,DC,Bowler,294
Ishan Kishan,MI,Wicket Keeper,393
J Fraser-McGurk,DC,Batsman,454
JB Little,GT,Bowler,122
JC Buttler,RR,Wicket Keeper,451
JD Unadkat,SRH,Bowler,28
JD Unadkat,SRH,Bowler,234
JJ Bumrah,MI,Bowler,13
JJ Bumrah,MI,Bowler,616
JM Bairstow,PBKS,Wicket Keeper,377
JM Sharma,PBKS,Wicket Keeper,220
K Kushagra,DC,Bowler,1
K Nitish Kumar Reddy,SRH,All Rounder,378
K Nitish Kumar Reddy,SRH,All Rounder,84
K Rabada,PBKS,Bowler,26
K Rabada,PBKS,Bowler,326
KA Maharaj,RR,Bowler,60
KD Karthik,RCB,Wicket Keeper,417
KH Pandya,LSG,All Rounder,151
KH Pandya,LSG,All Rounder,178
KK Ahmed,DC,Bowler,528
KL Rahul,LSG,Wicket Keeper,637
KR Sen,RR,Bowler,174
KS Williamson,GT,Batsman,31
KT Maphaka,MI,Bowler,24
Kuldeep Yadav,DC,Bowler,53
Kuldeep Yadav,DC,Bowler,484
KV Sharma,RCB,Bowler,45
KV Sharma,RCB,Bowler,204
L Wood,MI,Bowler,11
L Wood,MI,Bowler,24
Lalit Yadav,DC,Bowler,11
LB Williams,DC,Batsman,24
LH Ferguson,RCB,Bowler,264
LS Livingstone,PBKS,All Rounder,133
LS Livingstone,PBKS,All Rounder,90
M Jansen,SRH,Bowler,23
M Markande,SRH,Bowler,234
M Pathirana,CSK,Bowler,396
M Shahrukh Khan,GT,Batsman,164
M Siddharth,LSG,Bowler,28
M Theekshana,CSK,Bowler,58
MA Agarwal,SRH,Batsman,74
MA Starc,KKR,Bowler,6
MA Starc,KKR,Bowler,512
MJ Henry,LSG,Bowler,24
MJ Santner,CSK,All Rounder,13
MJ Santner,CSK,All Rounder,58
MK Lomror,RCB,Batsman,154
MK Pandey,KKR,Bowler,50
MM Ali,CSK,All Rounder,161
MM Ali,CSK,All Rounder,56
MM Sharma,GT,Bowler,384
Mohammad Nabi,MI,All Rounder,39
Mohammad Nabi,MI,All Rounder,56
Mohammed Siraj,RCB,Bowler,14
Mohammed Siraj,RCB,Bowler,444
Mohsin Khan,LSG,Bowler,294
MP Stoinis,LSG,All Rounder,491
MP Stoinis,LSG,All Rounder,116
MP Yadav,LSG,Bowler,210
MR Marsh,DC,All Rounder,78
MR Marsh,DC,All Rounder,24
MS Dhoni,CSK,Wicket Keeper,205
MS Wade,GT,WIcket Keeper,4
Mukesh Kumar,DC,Bowler,3
Mukesh Kumar,DC,Bowler,504
Mustafizur Rahman,CSK,Bowler,434
N Burger,RR,Bowler,206
N Pooran,LSG,Wicket Keeper,634
N Rana,KKR,Bowler,49
N Thushara,MI,Bowler,234
N Wadhera,MI,Batsman,130
Naman Dhir,MI,Batsman,182
Naveen-ul-Haq,LSG,Bowler,414
Noor Ahmad,GT,Bowler,6
Noor Ahmad,GT,Bowler,236
NT Ellis,PBKS,Bowler,32
NT Tilak Varma,MI,Batsman,515
PD Salt,KKR,Wicket Keeper,569
PJ Cummins,SRH,Bowler,163
PJ Cummins,SRH,Bowler,546
PP Chawla,MI,Bowler,14
PP Chawla,MI,Bowler,386
PP Shaw,DC,Batsman,250
Prabhsimran Singh,PBKS,Wicket Keeper,426
Q de Kock,LSG,Wicket Keeper,321
R Ashwin,RR,Bowler,97
R Ashwin,RR,Bowler,266
R Parag,RR,All Rounder,713
R Powell,RR,Batsman,129
R Ravindra,CSK,All Rounder,278
R Sai Kishore,GT,Bowler,17
R Sai Kishore,GT,Bowler,212
R Shepherd,MI,Bowler,78
R Tewatia,GT,Batsman,224
RA Jadeja,CSK,All Rounder,315
RA Jadeja,CSK,All Rounder,238
RA Tripathi,SRH,Bowler,205
Rahmanullah Gurbaz,KKR,Wicket Keeper,79
Ramandeep Singh,KKR,Batsman,160
Rashid Khan,GT,Bowler,119
Rashid Khan,GT,Bowler,296
Rasikh Salam,DC,Bowler,32
Rasikh Salam,DC,Bowler,264
Ravi Bishnoi,LSG,Bowler,2
Ravi Bishnoi,LSG,Bowler,296
RD Chahar,PBKS,Bowler,28
RD Chahar,PBKS,Bowler,296
RD Gaikwad,CSK,Batsman,723
RG Sharma,MI,Batsman,532
RJ Gleeson,CSK,Bowler,24
RJW Topley,RCB,Bowler,3
RJW Topley,RCB,Bowler,114
RK Bhui,DC,Bowler,1
RK Singh,KKR,Batsman,199
RM Patidar,RCB,Batsman,526
RR Pant,DC,Wicket Keeper,560
RR Rossouw,PBKS,Batsman,270
S Dhawan,PBKS,Batsman,186
S Dube,CSK,Batsman,504
S Dube,CSK,Batsman,30
S Gopal,MI,Bowler,84
S Sandeep Warrier,GT,Bowler,174
SA Yadav,MI,Batsman,455
Sameer Rizvi,CSK,Bowler,57
Sandeep Sharma,RR,Bowler,402
Sanvir Singh,SRH,Bowler,13
SB Dubey,RR,Bowler,44
SD Chauhan,RCB,Bowler,19
SD Hope,DC,Batsman,221
SH Johnson,GT,Bowler,7
SH Johnson,GT,Bowler,114
Shahbaz Ahmed,SRH,All Rounder,254
Shahbaz Ahmed,SRH,All Rounder,204
Shashank Singh,PBKS,Batsman,440
Shashank Singh,PBKS,Batsman,30
Shubman Gill,GT,Batsman,527
Sikandar Raza,PBKS,Bowler,49
Simarjeet Singh,CSK,Bowler,144
SM Curran,PBKS,All Rounder,320
SM Curran,PBKS,All Rounder,474
SN Thakur,CSK,All Rounder,25
SN Thakur,CSK,All Rounder,144
SO Hetmyer,RR,Batsman,138
SP Narine,KKR,All Rounder,648
SP Narine,KKR,All Rounder,510
SS Iyer,KKR,Batsman,429
SS Prabhudessai,RCB,Bowler,29
Sumit Kumar,DC,Bowler,22
SV Samson,RR,Wicket Keeper,669
Swapnil Singh,RCB,Bowler,50
Swapnil Singh,RCB,Bowler,176
T Kohler-Cadmore,RR,Bowler,57
T Natarajan,SRH,Bowler,584
T Stubbs,DC,Batsman,482
T Stubbs,DC,Batsman,88
TA Boult,RR,Bowler,14
TA Boult,RR,Bowler,476
TH David,MI,Batsman,287
TK Kotian,RR,Bowler,27
TM Head,SRH,Batsman,743
TU Deshpande,CSK,Bowler,514
UT Yadav,GT,Bowler,14
UT Yadav,GT,Bowler,234
V Kaverappa,PBKS,Bowler,56
V Kohli,RCB,Batsman,939
V Shankar,GT,Bowler,94
V Viyaskanth,SRH,Bowler,7
V Viyaskanth,SRH,Bowler,26
V Vyshak,RCB,Bowler,114
VG Arora,KKR,Bowler,324
VR Iyer,KKR,Batsman,479
Washington Sundar,SRH,All Rounder,24
WG Jacks,RCB,All Rounder,312
WG Jacks,RCB,All Rounder,54
WP Saha,GT,Wicket Keeper,160
Yash Dayal,RCB,Bowler,444
Yash Thakur,LSG,Bowler,352
YBK Jaiswal,RR,Batsman,547
YS Chahal,RR,Bowler,534
Yudhvir Singh,LSG,Bowler,28
Yudhvir Singh,LSG,Bowler,24
